{
  "flights": [
    {
      "Name": "",
      "Email": "margareta@gmail.com",
      "Telephone": "4545458",
      "Flight Number": "AB1234",
      "Departure": "2024-10-15",
      "id": 1
    },
    {
      "Name": "margareta",
      "Email": "",
      "Telephone": "",
      "Flight Number": "AB1234",
      "Departure": "2024-10-15",
      "id": 2
    },
    {
      "Name": "margareta",
      "Email": "",
      "Telephone": "4545458",
      "Flight Number": "AB1234",
      "Departure": "2024-10-15",
      "id": 3
    },
    {
      "Name": "margareta",
      "Email": "margareta@gmail.com",
      "Telephone": "",
      "Flight Number": "AB1234",
      "Departure": "2024-10-15",
      "id": 4
    },
    {
      "Name": "margareta",
      "Email": "margareta@gmail.com",
      "Telephone": "4545458",
      "Flight Number": "AB1234",
      "Departure": "2024-10-15",
      "id": 5
    },
    {
      "Name": "PopescuAdrian",
      "Email": "adrian@gemail.com",
      "Telephone": "036280496",
      "Flight Number": "WZ845",
      "Departure": "2024-11-25",
      "id": 6
    },
    {
      "Name": "DanciucMarta",
      "Email": "marta@yahoo.com",
      "Telephone": "074826565",
      "Flight Number": "FG664A",
      "Departure": "2024-09-01",
      "id": 7
    },
    {
      "Name": "PopescuAdrian",
      "Email": "adrian@gemail.com",
      "Telephone": "036280496",
      "Flight Number": "AQ852W",
      "Departure": "2024-07-12",
      "id": 8
    },
    {
      "Name": "",
      "Email": "",
      "Telephone": "",
      "Flight Number": "AB1234",
      "Departure": "2024-10-15",
      "id": 9
    },
    {
      "Name": "",
      "Email": "",
      "Telephone": "4545458",
      "Flight Number": "AB1234",
      "Departure": "2024-10-15",
      "id": 10
    },
    {
      "Name": "",
      "Email": "iulica@email.com",
      "Telephone": "",
      "Flight Number": "AB1234",
      "Departure": "2024-10-15",
      "id": 11
    },
    {
      "Name": "",
      "Email": "iulica@email.com",
      "Telephone": "4545458",
      "Flight Number": "AB1234",
      "Departure": "2024-10-15",
      "id": 12
    },
    {
      "Name": "iulica",
      "Email": "",
      "Telephone": "",
      "Flight Number": "AB1234",
      "Departure": "2024-10-15",
      "id": 13
    },
    {
      "Name": "iulica",
      "Email": "",
      "Telephone": "4545458",
      "Flight Number": "AB1234",
      "Departure": "2024-10-15",
      "id": 14
    },
    {
      "Name": "iulica",
      "Email": "iulica@email.com",
      "Telephone": "",
      "Flight Number": "AB1234",
      "Departure": "2024-10-15",
      "id": 15
    },
    {
      "Name": "iulica",
      "Email": "iulica@email.com",
      "Telephone": "4545458",
      "Flight Number": "AB1234",
      "Departure": "2024-10-15",
      "id": 16
    },
    {
      "Name": "PopescuAdrian",
      "Email": "adrian@gemail.com",
      "Telephone": "036280496",
      "Flight Number": "WZ845",
      "Departure": "2024-11-25",
      "id": 17
    },
    {
      "Name": "DanciucMarta",
      "Email": "marta@yahoo.com",
      "Telephone": "074826565",
      "Flight Number": "FG664A",
      "Departure": "2024-09-01",
      "id": 18
    },
    {
      "Name": "PopescuAdrian",
      "Email": "adrian@gemail.com",
      "Telephone": "036280496",
      "Flight Number": "AQ852W",
      "Departure": "2024-07-12",
      "id": 19
    },
    {
      "Name": "",
      "Email": "",
      "Telephone": "",
      "Flight Number": "AB1234",
      "Departure": "2024-10-15",
      "id": 20
    },
    {
      "Name": "",
      "Email": "iulica@email.com",
      "Telephone": "",
      "Flight Number": "AB1234",
      "Departure": "2024-10-15",
      "id": 21
    },
    {
      "Name": "",
      "Email": "ion@email.com",
      "Telephone": "",
      "Flight Number": "AB1234",
      "Departure": "2024-10-15",
      "id": 22
    },
    {
      "Name": "iulica",
      "Email": "",
      "Telephone": "",
      "Flight Number": "AB1234",
      "Departure": "2024-10-15",
      "id": 23
    },
    {
      "Name": "iulica",
      "Email": "iulica@email.com",
      "Telephone": "",
      "Flight Number": "AB1234",
      "Departure": "2024-10-15",
      "id": 24
    },
    {
      "Name": "iulica",
      "Email": "ion@email.com",
      "Telephone": "",
      "Flight Number": "AB1234",
      "Departure": "2024-10-15",
      "id": 25
    },
    {
      "Name": "ion",
      "Email": "",
      "Telephone": "",
      "Flight Number": "AB1234",
      "Departure": "2024-10-15",
      "id": 26
    },
    {
      "Name": "ion",
      "Email": "iulica@email.com",
      "Telephone": "",
      "Flight Number": "AB1234",
      "Departure": "2024-10-15",
      "id": 27
    },
    {
      "Name": "ion",
      "Email": "ion@email.com",
      "Telephone": "",
      "Flight Number": "AB1234",
      "Departure": "2024-10-15",
      "id": 28
    },
    {
      "Name": "",
      "Email": "",
      "Telephone": "4545458",
      "Flight Number": "AB1234",
      "Departure": "2024-10-15",
      "id": 29
    },
    {
      "Name": "",
      "Email": "iulica@email.com",
      "Telephone": "4545458",
      "Flight Number": "AB1234",
      "Departure": "2024-10-15",
      "id": 30
    },
    {
      "Name": "",
      "Email": "ion@email.com",
      "Telephone": "4545458",
      "Flight Number": "AB1234",
      "Departure": "2024-10-15",
      "id": 31
    },
    {
      "Name": "iulica",
      "Email": "",
      "Telephone": "4545458",
      "Flight Number": "AB1234",
      "Departure": "2024-10-15",
      "id": 32
    },
    {
      "Name": "iulica",
      "Email": "iulica@email.com",
      "Telephone": "4545458",
      "Flight Number": "AB1234",
      "Departure": "2024-10-15",
      "id": 33
    },
    {
      "Name": "iulica",
      "Email": "ion@email.com",
      "Telephone": "4545458",
      "Flight Number": "AB1234",
      "Departure": "2024-10-15",
      "id": 34
    },
    {
      "Name": "ion",
      "Email": "",
      "Telephone": "4545458",
      "Flight Number": "AB1234",
      "Departure": "2024-10-15",
      "id": 35
    },
    {
      "Name": "ion",
      "Email": "iulica@email.com",
      "Telephone": "4545458",
      "Flight Number": "AB1234",
      "Departure": "2024-10-15",
      "id": 36
    },
    {
      "Name": "ion",
      "Email": "ion@email.com",
      "Telephone": "4545458",
      "Flight Number": "AB1234",
      "Departure": "2024-10-15",
      "id": 37
    }
  ]
}